{
    "SVM": {
        "Best Parameters": {
            "estimator__C": 10,
            "estimator__gamma": "scale",
            "estimator__kernel": "rbf"
        },
        "Test Metrics": {
            "Accuracy": 93.95604395604396,
            "Precision": 93.97433025188465,
            "Recall": 93.95604395604396,
            "F1 Score": 93.9569150810096
        }
    },
    "Random Forest": {
        "Best Parameters": {
            "estimator__max_depth": 20,
            "estimator__min_samples_split": 5,
            "estimator__n_estimators": 100
        },
        "Test Metrics": {
            "Accuracy": 99.63369963369964,
            "Precision": 99.63590626241229,
            "Recall": 99.63369963369964,
            "F1 Score": 99.63284578669193
        }
    },
    "Gradient Boosting": {
        "Best Parameters": {
            "estimator__learning_rate": 0.1,
            "estimator__max_depth": 3,
            "estimator__n_estimators": 200
        },
        "Test Metrics": {
            "Accuracy": 99.45054945054946,
            "Precision": 99.4579081632653,
            "Recall": 99.45054945054946,
            "F1 Score": 99.45011636682474
        }
    },
    "KNN": {
        "Best Parameters": {
            "estimator__n_neighbors": 3,
            "estimator__weights": "distance"
        },
        "Test Metrics": {
            "Accuracy": 89.01098901098901,
            "Precision": 89.0637372362101,
            "Recall": 89.01098901098901,
            "F1 Score": 89.0299001248746
        }
    }
}